{
  "accuracy": [
    0.5491428375244141,
    0.6854285597801208,
    0.7284285426139832,
    0.7407143115997314,
    0.7492856979370117,
    0.758571445941925,
    0.7602857351303101,
    0.7632856965065002,
    0.7645714282989502,
    0.7639999985694885,
    0.769428551197052,
    0.7682856917381287,
    0.7664285898208618,
    0.7754285931587219,
    0.774142861366272,
    0.7727142572402954,
    0.7742857336997986,
    0.7784285545349121,
    0.7815714478492737,
    0.7851428389549255
  ],
  "auc": [
    0.6234056949615479,
    0.6738996505737305,
    0.7071524858474731,
    0.7430405616760254,
    0.7654494047164917,
    0.7847031950950623,
    0.7951866388320923,
    0.802977442741394,
    0.8072484135627747,
    0.8041667938232422,
    0.8139559030532837,
    0.8137090802192688,
    0.8175004124641418,
    0.8210407495498657,
    0.8247196674346924,
    0.8195235133171082,
    0.8311864137649536,
    0.8321548104286194,
    0.8299979567527771,
    0.8346834778785706
  ],
  "loss": [
    0.6579552292823792,
    0.6036621332168579,
    0.5651518702507019,
    0.5421280860900879,
    0.5275201201438904,
    0.5128530263900757,
    0.5041816830635071,
    0.49659574031829834,
    0.49276694655418396,
    0.49330413341522217,
    0.48499321937561035,
    0.484056293964386,
    0.4828173816204071,
    0.47725561261177063,
    0.4751988351345062,
    0.47646406292915344,
    0.46806156635284424,
    0.46624380350112915,
    0.4665375351905823,
    0.4625421464443207
  ],
  "precision": [
    0.4548637270927429,
    0.6378428339958191,
    0.7497206926345825,
    0.7784090638160706,
    0.7872928380966187,
    0.8088317513465881,
    0.7871465086936951,
    0.7805719971656799,
    0.7796196937561035,
    0.7689411640167236,
    0.7851279377937317,
    0.7765204906463623,
    0.7653247714042664,
    0.7790963053703308,
    0.7871333956718445,
    0.7781885266304016,
    0.772543728351593,
    0.7855830788612366,
    0.7808340787887573,
    0.8023419380187988
  ],
  "recall": [
    0.6508049964904785,
    0.49087655544281006,
    0.48014310002326965,
    0.4901610016822815,
    0.5098389983177185,
    0.5177102088928223,
    0.5477638840675354,
    0.5663685202598572,
    0.5720930099487305,
    0.5846154093742371,
    0.581753134727478,
    0.5892665386199951,
    0.598568856716156,
    0.6107334494590759,
    0.5953488349914551,
    0.6025044918060303,
    0.6161001920700073,
    0.6121645569801331,
    0.6296958923339844,
    0.6128801703453064
  ],
  "val_accuracy": [
    0.6620000004768372,
    0.7269999980926514,
    0.7580000162124634,
    0.7599999904632568,
    0.7609999775886536,
    0.765999972820282,
    0.7509999871253967,
    0.7720000147819519,
    0.7639999985694885,
    0.765999972820282,
    0.7670000195503235,
    0.7490000128746033,
    0.7710000276565552,
    0.7760000228881836,
    0.781000018119812,
    0.7789999842643738,
    0.7860000133514404,
    0.7860000133514404,
    0.7820000052452087,
    0.7839999794960022
  ],
  "val_auc": [
    0.6349401473999023,
    0.6695128083229065,
    0.7822279930114746,
    0.8057540059089661,
    0.8034332990646362,
    0.8108665943145752,
    0.8107268810272217,
    0.8158061504364014,
    0.8193904161453247,
    0.8211334943771362,
    0.8236585259437561,
    0.8285605907440186,
    0.830612301826477,
    0.8350222706794739,
    0.8370260000228882,
    0.8387295007705688,
    0.8412379026412964,
    0.8446824550628662,
    0.8465694189071655,
    0.8475536108016968
  ],
  "val_loss": [
    0.6194875836372375,
    0.5738440752029419,
    0.5265885591506958,
    0.5155214667320251,
    0.5210755467414856,
    0.4926355481147766,
    0.5116487741470337,
    0.4762469530105591,
    0.4736108183860779,
    0.47923770546913147,
    0.4666885733604431,
    0.4775469899177551,
    0.4649481177330017,
    0.4616347551345825,
    0.4498785138130188,
    0.45872315764427185,
    0.4448508322238922,
    0.45250409841537476,
    0.449911892414093,
    0.45078521966934204
  ],
  "val_precision": [
    0.6013289093971252,
    0.7692307829856873,
    0.9590643048286438,
    0.9704142212867737,
    0.8007518649101257,
    0.8313252925872803,
    0.7218934893608093,
    0.8799999952316284,
    0.8221343755722046,
    0.8313252925872803,
    0.8167939186096191,
    0.7126436829566956,
    0.7891156673431396,
    0.8404669165611267,
    0.8571428656578064,
    0.7816455960273743,
    0.8599221706390381,
    0.7917981147766113,
    0.8220640420913696,
    0.7868338823318481
  ],
  "val_recall": [
    0.4536340832710266,
    0.451127827167511,
    0.41102758049964905,
    0.41102758049964905,
    0.5338345766067505,
    0.518796980381012,
    0.6115288138389587,
    0.49624061584472656,
    0.5213032364845276,
    0.518796980381012,
    0.5363408327102661,
    0.621553897857666,
    0.5814536213874817,
    0.5413534045219421,
    0.5413534045219421,
    0.6190476417541504,
    0.5538846850395203,
    0.6290726661682129,
    0.5789473652839661,
    0.6290726661682129
  ],
  "learning_rate": [
    0.0010000000474974513,
    0.0010000000474974513,
    0.0010000000474974513,
    0.0010000000474974513,
    0.0010000000474974513,
    0.0010000000474974513,
    0.0010000000474974513,
    0.0010000000474974513,
    0.0010000000474974513,
    0.0010000000474974513,
    0.0010000000474974513,
    0.0010000000474974513,
    0.0010000000474974513,
    0.0010000000474974513,
    0.0010000000474974513,
    0.0010000000474974513,
    0.0010000000474974513,
    0.0010000000474974513,
    0.0010000000474974513,
    0.0005000000237487257
  ]
}